id,first_name,last_name,email,gender,ip_address
1,Dodie,Blinerman,dblinerman0@businessweek.com,Female,89.141.0.86
2,Valeria,Bea,vbea1@guardian.co.uk,Female,80.86.175.209
3,Guido,Faiers,gfaiers2@barnesandnoble.com,Male,158.125.179.109
4,Salvidor,MacCook,smaccook3@angelfire.com,Male,125.143.240.141
5,Munmro,Burfoot,mburfoot4@liveinternet.ru,Male,49.127.255.76
6,Pamella,Vallintine,pvallintine5@sourceforge.net,Female,142.152.192.25
7,Cristian,Bostick,cbostick6@google.com.hk,Male,116.8.5.184
8,Aimee,Jump,ajump7@linkedin.com,Female,169.33.173.241
9,Dev,Zanolli,dzanolli8@wikipedia.org,Male,22.168.14.183
10,Waverley,Brownsall,wbrownsall9@ehow.com,Male,11.252.125.227
11,Anetta,Packington,apackingtona@imdb.com,Female,164.93.185.241
12,Teador,Wettern,twetternb@arizona.edu,Male,112.33.57.160
13,Elwyn,Hollingsby,ehollingsbyc@diigo.com,Male,114.145.102.210
14,Nataline,Tibbetts,ntibbettsd@tinypic.com,Female,140.19.103.32
15,Granthem,Creffeild,gcreffeilde@reference.com,Male,131.96.229.148
16,Thorn,Wingeatt,twingeattf@vk.com,Male,12.13.41.3
17,Leonhard,Greenman,lgreenmang@amazonaws.com,Male,184.157.168.12
18,Frances,Clampe,fclampeh@shutterfly.com,Female,69.42.82.32
19,Derwin,Whimper,dwhimperi@cyberchimps.com,Male,250.206.147.94
20,Fabian,Langdon,flangdonj@wordpress.org,Male,1.233.216.209
21,Livvy,Lemonnier,llemonnierk@prweb.com,Female,110.249.8.68
22,Nicky,Castaner,ncastanerl@drupal.org,Male,170.89.149.205
23,Westbrook,Jolly,wjollym@accuweather.com,Male,50.152.174.69
24,Morgen,Heavens,mheavensn@yellowbook.com,Female,35.169.164.123
25,Craggie,Thorowgood,cthorowgoodo@soup.io,Male,50.101.213.233
26,Dex,Clohessy,dclohessyp@cargocollective.com,Male,82.19.208.163
27,Way,Gunston,wgunstonq@g.co,Male,238.56.16.142
28,Kinny,Itzkovsky,kitzkovskyr@shareasale.com,Male,193.189.236.17
29,Rufe,Toplin,rtoplins@stanford.edu,Male,33.112.155.64
30,Adria,Fulkes,afulkest@4shared.com,Female,92.218.58.223
31,Adela,Fanstone,afanstoneu@google.pl,Female,135.61.2.132
32,Darleen,De Gogay,ddegogayv@blogtalkradio.com,Female,230.224.239.102
33,Wayne,Jeffcock,wjeffcockw@yellowbook.com,Male,244.174.49.45
34,Garfield,Walsham,gwalshamx@trellian.com,Male,214.127.255.145
35,Duffie,Jackways,djackwaysy@amazonaws.com,Male,225.20.113.115
36,Melamie,Lucio,mlucioz@xrea.com,Female,225.178.46.187
37,Delia,Billion,dbillion10@smh.com.au,Female,49.109.53.42
38,Dael,Hullbrook,dhullbrook11@howstuffworks.com,Male,170.100.91.14
39,Jewelle,Lethbridge,jlethbridge12@dropbox.com,Female,182.75.154.21
40,Boonie,Sickling,bsickling13@nyu.edu,Male,171.224.75.68
41,Eloisa,De Freyne,edefreyne14@yellowbook.com,Female,56.181.116.192
42,Paddy,Gitsham,pgitsham15@jimdo.com,Male,170.87.181.254
43,Salvador,Satyford,ssatyford16@ycombinator.com,Male,107.65.63.159
44,Emory,Betham,ebetham17@edublogs.org,Male,200.33.248.138
45,Felecia,Revington,frevington18@squidoo.com,Female,243.126.3.36
46,Bord,Kettleson,bkettleson19@webeden.co.uk,Male,54.86.245.220
47,Wilone,Dyche,wdyche1a@huffingtonpost.com,Female,107.26.237.208
48,Appolonia,Wyson,awyson1b@nsw.gov.au,Female,72.145.155.162
49,Darci,Cruces,dcruces1c@twitter.com,Female,87.197.111.73
50,Karim,Tessington,ktessington1d@addtoany.com,Male,83.159.213.222
51,Linzy,Makeswell,lmakeswell1e@macromedia.com,Female,132.179.211.186
52,Arnie,Walstow,awalstow1f@bandcamp.com,Male,59.14.116.79
53,Dione,McCutcheon,dmccutcheon1g@ted.com,Female,83.105.217.248
54,Archambault,Pigney,apigney1h@ucla.edu,Male,67.160.113.9
55,Illa,Cullagh,icullagh1i@yolasite.com,Female,28.168.81.81
56,Julienne,Stubbington,jstubbington1j@amazon.co.jp,Female,59.162.70.236
57,Sadye,Al Hirsi,salhirsi1k@kickstarter.com,Female,95.29.244.8
58,Damiano,Klemencic,dklemencic1l@artisteer.com,Male,211.214.67.100
59,Donny,Buddle,dbuddle1m@ameblo.jp,Male,71.76.110.50
60,Gustav,Crystal,gcrystal1n@craigslist.org,Male,105.95.21.194
61,Arda,Lorden,alorden1o@last.fm,Female,60.90.158.216
62,Danya,Nerney,dnerney1p@cnn.com,Female,255.183.223.245
63,Mattheus,Jeavon,mjeavon1q@dot.gov,Male,253.117.29.24
64,Verena,Beggio,vbeggio1r@indiegogo.com,Female,115.45.248.209
65,Tatiania,Dargan,tdargan1s@usgs.gov,Female,175.169.195.252
66,Ondrea,Dulwitch,odulwitch1t@umich.edu,Female,106.214.232.7
67,Orville,Measen,omeasen1u@jimdo.com,Male,83.98.177.29
68,Milt,Devonish,mdevonish1v@vkontakte.ru,Male,122.247.196.163
69,Yorker,Shemelt,yshemelt1w@phoca.cz,Male,177.246.231.227
70,Larine,MacGauhy,lmacgauhy1x@amazonaws.com,Female,203.84.211.170
71,Genna,Bortolutti,gbortolutti1y@devhub.com,Female,13.208.230.255
72,Blanche,Sollis,bsollis1z@baidu.com,Female,51.177.205.99
73,Myrvyn,Lynagh,mlynagh20@craigslist.org,Male,206.97.148.254
74,Lyndsie,Gilder,lgilder21@shinystat.com,Female,241.109.54.203
75,Herta,Ruttgers,hruttgers22@globo.com,Female,77.238.150.122
76,Donnie,Feechan,dfeechan23@ameblo.jp,Male,9.1.160.228
77,Catriona,De Atta,cdeatta24@google.com.br,Female,93.177.205.138
78,Stephanus,Espinel,sespinel25@samsung.com,Male,115.80.155.157
79,Janina,Shilliday,jshilliday26@patch.com,Female,211.12.61.160
80,Alexine,Moggach,amoggach27@tuttocitta.it,Female,84.173.34.243
81,Drucy,Paolinelli,dpaolinelli28@github.io,Female,51.247.121.17
82,Agatha,Murtell,amurtell29@si.edu,Female,170.185.146.109
83,Noreen,Janoschek,njanoschek2a@example.com,Female,2.158.6.195
84,Luisa,Corneille,lcorneille2b@ed.gov,Female,4.97.113.201
85,Hyacinth,Clohisey,hclohisey2c@google.com.br,Female,193.141.133.235
86,Tildi,Bedin,tbedin2d@ed.gov,Female,69.61.65.203
87,Myrilla,Lapham,mlapham2e@yale.edu,Female,105.112.247.38
88,Cam,Steuart,csteuart2f@bloomberg.com,Female,100.125.165.91
89,Francisco,Featherstonhalgh,ffeatherstonhalgh2g@state.tx.us,Male,130.76.217.17
90,Smith,Vlasenkov,svlasenkov2h@ft.com,Male,105.221.77.84
91,Melinda,Reisenstein,mreisenstein2i@ft.com,Female,234.152.181.25
92,Myca,Dohmann,mdohmann2j@oracle.com,Male,246.77.168.228
93,Catlee,Stallen,cstallen2k@hatena.ne.jp,Female,248.207.100.208
94,Gian,Pudan,gpudan2l@goo.gl,Male,62.163.81.211
95,Eal,Puckring,epuckring2m@arizona.edu,Male,62.107.225.217
96,Hamil,Abercromby,habercromby2n@hubpages.com,Male,111.85.58.194
97,Chelsea,Caslake,ccaslake2o@hubpages.com,Female,154.251.102.243
98,Chico,Colomb,ccolomb2p@prnewswire.com,Male,52.5.60.118
99,Si,Cowlin,scowlin2q@freewebs.com,Male,97.181.188.132
100,Gussi,Gillham,ggillham2r@chicagotribune.com,Female,5.125.202.100
101,Barnaby,Cereceres,bcereceres2s@wired.com,Male,26.143.11.6
102,Jerrilyn,Holworth,jholworth2t@google.co.jp,Female,188.25.124.150
103,Sarina,Rate,srate2u@google.com.au,Female,208.218.110.144
104,Queenie,Deguara,qdeguara2v@apache.org,Female,226.237.108.86
105,George,Scrivens,gscrivens2w@noaa.gov,Female,193.210.96.30
106,Daren,Buttress,dbuttress2x@deliciousdays.com,Male,170.41.95.23
107,Curt,Eldrid,celdrid2y@geocities.com,Male,52.121.85.22
108,Barris,Brackenridge,bbrackenridge2z@tiny.cc,Male,145.39.129.220
109,Boniface,Handscombe,bhandscombe30@globo.com,Male,138.220.20.215
110,Christoph,Aitchison,caitchison31@dyndns.org,Male,83.17.225.19
111,Verina,Bortol,vbortol32@gnu.org,Female,243.29.222.95
112,Kris,Shropshire,kshropshire33@newyorker.com,Female,12.117.104.166
113,Hermine,Kohnen,hkohnen34@tuttocitta.it,Female,68.67.219.213
114,Candi,Ladlow,cladlow35@youtu.be,Female,84.72.134.242
115,Estell,Quakley,equakley36@amazon.com,Female,31.62.106.104
116,Roslyn,Benion,rbenion37@bing.com,Female,105.68.54.88
117,Oberon,Norval,onorval38@nasa.gov,Male,137.105.220.64
118,Jeanna,Jeenes,jjeenes39@opera.com,Female,72.125.225.150
119,Reggie,Laundon,rlaundon3a@seesaa.net,Female,77.254.123.212
120,Jobina,Tunesi,jtunesi3b@g.co,Female,11.43.24.194
121,Gilbertine,Ivakin,givakin3c@bluehost.com,Female,156.202.60.128
122,Fanni,New,fnew3d@rakuten.co.jp,Female,84.168.188.46
123,Britteny,Stocking,bstocking3e@bandcamp.com,Female,184.236.212.59
124,Lawton,Chinge,lchinge3f@behance.net,Male,201.92.199.244
125,Velvet,Lindsley,vlindsley3g@ehow.com,Female,229.46.112.194
126,Skipper,Whitebread,swhitebread3h@yahoo.com,Male,194.183.253.91
127,Karel,Wilkes,kwilkes3i@51.la,Male,235.25.201.239
128,Lalo,Bahde,lbahde3j@blogspot.com,Male,155.74.191.72
129,Carlin,Vales,cvales3k@aboutads.info,Male,233.4.67.185
130,Aindrea,Core,acore3l@umich.edu,Female,22.89.121.111
131,Cyrill,Towll,ctowll3m@wikia.com,Male,199.189.140.234
132,Vannie,Trengrouse,vtrengrouse3n@free.fr,Female,194.74.141.196
133,Ranee,Anthoney,ranthoney3o@barnesandnoble.com,Female,143.158.201.187
134,Berty,Crabtree,bcrabtree3p@infoseek.co.jp,Male,14.80.183.131
135,Gallard,Mayzes,gmayzes3q@oaic.gov.au,Male,30.239.85.139
136,Rori,Gifford,rgifford3r@reddit.com,Female,185.230.242.243
137,Karoly,Crosi,kcrosi3s@shop-pro.jp,Male,70.210.120.54
138,Lauraine,Trett,ltrett3t@angelfire.com,Female,196.94.151.8
139,Babb,Ledson,bledson3u@smh.com.au,Female,130.218.255.93
140,Honey,Chsteney,hchsteney3v@bravesites.com,Female,53.255.15.187
141,Mirna,Kedwell,mkedwell3w@auda.org.au,Female,84.187.217.163
142,Jehanna,Martinez,jmartinez3x@google.com,Female,102.175.181.68
143,Bronson,Lehemann,blehemann3y@nba.com,Male,55.155.91.160
144,Liuka,Seyers,lseyers3z@networkadvertising.org,Female,135.206.105.201
145,Derrek,Giordano,dgiordano40@exblog.jp,Male,229.178.114.47
146,Mata,Mendus,mmendus41@hatena.ne.jp,Male,151.251.233.147
147,Antin,Kingsnorth,akingsnorth42@nymag.com,Male,132.215.181.198
148,Gearalt,Althrope,galthrope43@xinhuanet.com,Male,58.78.193.157
149,Demetre,Tyrie,dtyrie44@paginegialle.it,Male,235.80.120.3
150,Emelina,Lambal,elambal45@vimeo.com,Female,23.228.225.92
151,Barbaraanne,Croke,bcroke46@jugem.jp,Female,41.115.101.140
152,Murvyn,Santen,msanten47@fotki.com,Male,237.64.28.231
153,Stormi,McCleverty,smccleverty48@plala.or.jp,Female,26.36.100.47
154,Merle,Scrowton,mscrowton49@posterous.com,Male,237.137.30.19
155,Tirrell,Ugo,tugo4a@yellowbook.com,Male,144.163.161.107
156,Ahmed,Lodovichi,alodovichi4b@taobao.com,Male,151.161.178.241
157,Ambrosi,Olenchikov,aolenchikov4c@free.fr,Male,110.2.203.164
158,Rourke,Guise,rguise4d@digg.com,Male,236.217.100.204
159,Debbie,Haglington,dhaglington4e@123-reg.co.uk,Female,122.50.248.239
160,Sela,Paintain,spaintain4f@utexas.edu,Female,15.88.43.105
161,Calla,Coward,ccoward4g@redcross.org,Female,40.202.89.39
162,Warde,Brabbs,wbrabbs4h@freewebs.com,Male,94.218.131.81
163,Adelind,Gepson,agepson4i@wunderground.com,Female,163.215.80.236
164,Morton,Golsby,mgolsby4j@europa.eu,Male,55.153.10.122
165,Johann,Wallworke,jwallworke4k@cloudflare.com,Male,92.61.197.199
166,Amby,Lapree,alapree4l@goo.gl,Male,203.104.95.11
167,Tomasine,Dalman,tdalman4m@cmu.edu,Female,200.76.135.1
168,Teressa,Rangall,trangall4n@mtv.com,Female,103.228.214.187
169,Leann,Cannan,lcannan4o@dell.com,Female,33.49.109.248
170,Teriann,Kleisel,tkleisel4p@tmall.com,Female,48.26.109.49
171,Elna,Traice,etraice4q@netlog.com,Female,19.94.104.122
172,Willis,Gaudon,wgaudon4r@bloomberg.com,Male,11.160.205.93
173,Angy,McCrackan,amccrackan4s@japanpost.jp,Female,141.29.50.191
174,Mychal,Newling,mnewling4t@netscape.com,Male,223.24.169.43
175,Barde,Dady,bdady4u@ca.gov,Male,147.65.173.131
176,Ax,St Pierre,astpierre4v@cmu.edu,Male,181.117.146.52
177,Patricio,Foyston,pfoyston4w@mayoclinic.com,Male,251.100.133.61
178,Blaine,Bever,bbever4x@cbslocal.com,Male,232.106.90.178
179,Stavros,Earingey,searingey4y@tumblr.com,Male,0.144.27.41
180,Ellery,Assel,eassel4z@tinypic.com,Male,33.223.114.247
181,Shep,Marsland,smarsland50@google.fr,Male,19.43.177.163
182,Mayor,Deare,mdeare51@noaa.gov,Male,53.199.18.211
183,Stacie,Davidy,sdavidy52@intel.com,Female,84.117.96.184
184,Kelila,Heineke,kheineke53@dropbox.com,Female,35.60.206.88
185,Cassie,Dummer,cdummer54@joomla.org,Female,181.89.172.160
186,Rhett,Size,rsize55@i2i.jp,Male,123.116.71.16
187,Ottilie,Narey,onarey56@mashable.com,Female,232.175.41.108
188,Nickola,Acutt,nacutt57@webnode.com,Male,38.113.62.59
189,Blake,Elloit,belloit58@eepurl.com,Female,250.5.240.85
190,Chickie,Droogan,cdroogan59@networksolutions.com,Female,2.115.240.155
191,Rafaello,Rieger,rrieger5a@ox.ac.uk,Male,251.0.191.61
192,Tommy,Kira,tkira5b@comcast.net,Male,226.171.231.169
193,Alec,Hambleton,ahambleton5c@github.io,Male,123.222.222.254
194,Chickie,Coxon,ccoxon5d@economist.com,Male,18.111.5.215
195,Doralynn,Bewshire,dbewshire5e@businessinsider.com,Female,159.141.29.117
196,Michel,Perigoe,mperigoe5f@cnet.com,Female,51.42.128.229
197,Joshuah,Nansom,jnansom5g@cdc.gov,Male,9.133.196.45
198,Willabella,Wankel,wwankel5h@usa.gov,Female,249.99.107.240
199,Petronella,Widdall,pwiddall5i@163.com,Female,190.103.30.44
200,Erica,Floch,efloch5j@howstuffworks.com,Female,11.233.172.199
201,Morgan,Breheny,mbreheny5k@usgs.gov,Female,94.185.159.233
202,Nikaniki,Bly,nbly5l@seattletimes.com,Female,67.77.107.198
203,Herrick,Sara,hsara5m@java.com,Male,70.169.123.81
204,Lara,Brewster,lbrewster5n@state.gov,Female,93.177.50.212
205,Ricoriki,Dixsee,rdixsee5o@digg.com,Male,60.120.134.201
206,Inna,Andrew,iandrew5p@indiegogo.com,Female,138.186.179.39
207,Kym,O'Loughane,koloughane5q@constantcontact.com,Female,0.34.185.48
208,Rita,Crickmer,rcrickmer5r@friendfeed.com,Female,6.61.76.39
209,Shawna,Weatherhead,sweatherhead5s@cbsnews.com,Female,41.2.110.231
210,Herby,Burgane,hburgane5t@mail.ru,Male,127.108.208.76
211,Morganica,Eighteen,meighteen5u@blogger.com,Female,254.246.254.242
212,Jarred,Aiskrigg,jaiskrigg5v@nba.com,Male,212.186.108.115
213,Teddy,Pasek,tpasek5w@gmpg.org,Female,154.46.26.107
214,Lloyd,Schistl,lschistl5x@yellowpages.com,Male,109.57.134.228
215,Sybille,Bortolutti,sbortolutti5y@imgur.com,Female,76.189.182.82
216,Nerte,Gheorghescu,ngheorghescu5z@nih.gov,Female,116.20.80.37
217,Benjamen,Crocetto,bcrocetto60@prlog.org,Male,124.134.60.238
218,Darill,Fincher,dfincher61@infoseek.co.jp,Male,136.155.205.164
219,Rustie,Buckham,rbuckham62@google.ru,Male,59.44.79.203
220,Alecia,Abrahamsson,aabrahamsson63@tripod.com,Female,178.235.209.160
221,Maison,Wheatley,mwheatley64@purevolume.com,Male,134.58.30.33
222,Sloane,Hadigate,shadigate65@huffingtonpost.com,Male,216.108.36.184
223,Theo,Thow,tthow66@ucsd.edu,Female,79.90.222.195
224,Hesther,Binham,hbinham67@bizjournals.com,Female,32.15.47.126
225,Giffer,Noakes,gnoakes68@facebook.com,Male,228.112.8.209
226,Casper,Tavner,ctavner69@tripod.com,Male,90.254.116.132
227,Paolo,Petyanin,ppetyanin6a@smugmug.com,Male,145.105.128.78
228,Rosetta,Citrine,rcitrine6b@ucsd.edu,Female,97.212.245.37
229,Shane,Beamont,sbeamont6c@1und1.de,Female,132.172.224.220
230,Gizela,Sockell,gsockell6d@sohu.com,Female,196.70.11.98
231,Bobette,Deane,bdeane6e@go.com,Female,16.28.36.84
232,Cad,Sarah,csarah6f@g.co,Male,241.240.81.70
233,Waldemar,Faircley,wfaircley6g@reuters.com,Male,239.117.228.191
234,Maurizio,Rebeiro,mrebeiro6h@bing.com,Male,217.243.205.175
235,Jase,Cayser,jcayser6i@jiathis.com,Male,203.149.191.175
236,Arielle,Henden,ahenden6j@163.com,Female,222.205.216.169
237,Mike,Rowney,mrowney6k@gravatar.com,Male,60.107.132.12
238,Nadya,Connett,nconnett6l@fc2.com,Female,81.101.42.124
239,Zebadiah,Graffin,zgraffin6m@usa.gov,Male,185.249.2.189
240,Romy,Mordy,rmordy6n@ask.com,Female,204.52.60.131
241,Gannie,Newbury,gnewbury6o@eventbrite.com,Male,174.82.100.151
242,Waylan,Davidy,wdavidy6p@stanford.edu,Male,187.184.192.68
243,Kaine,Tomenson,ktomenson6q@hostgator.com,Male,49.144.195.213
244,Kristine,Palay,kpalay6r@statcounter.com,Female,130.228.122.202
245,Jolynn,Borchardt,jborchardt6s@youtu.be,Female,233.198.125.237
246,Karrah,Davydychev,kdavydychev6t@myspace.com,Female,142.119.96.88
247,Fancie,Middas,fmiddas6u@google.ca,Female,17.37.69.62
248,Hube,Cromwell,hcromwell6v@storify.com,Male,95.59.202.70
249,Travis,Astall,tastall6w@spotify.com,Male,73.167.45.211
250,Garvy,Buttrick,gbuttrick6x@ft.com,Male,132.31.74.125
251,Sheeree,Watkiss,swatkiss6y@booking.com,Female,60.249.74.107
252,Kennedy,Taile,ktaile6z@dailymail.co.uk,Male,86.175.213.123
253,Wynn,Sline,wsline70@ehow.com,Female,217.69.73.15
254,Jocelyn,Paoloni,jpaoloni71@cnet.com,Female,217.85.1.60
255,Gannon,Stead,gstead72@utexas.edu,Male,186.78.231.122
256,Flossie,Chedgey,fchedgey73@google.es,Female,151.62.87.68
257,Aurthur,Albrooke,aalbrooke74@samsung.com,Male,34.150.203.119
258,Susana,Croneen,scroneen75@youtu.be,Female,177.84.168.63
259,Torr,Housby,thousby76@utexas.edu,Male,78.11.21.12
260,Erhart,Boice,eboice77@princeton.edu,Male,193.225.231.235
261,Daisi,Le Blond,dleblond78@cdc.gov,Female,88.223.242.99
262,Frasquito,O' Hern,fohern79@nhs.uk,Male,206.190.103.149
263,Jasun,Edmans,jedmans7a@usatoday.com,Male,129.255.47.148
264,Shannah,Krammer,skrammer7b@so-net.ne.jp,Female,50.130.162.237
265,Sydel,Pevreal,spevreal7c@yandex.ru,Female,131.186.28.89
266,Bibi,Crummay,bcrummay7d@delicious.com,Female,116.105.59.61
267,Ariana,Smeeth,asmeeth7e@tumblr.com,Female,113.228.74.98
268,Allan,Godber,agodber7f@blogger.com,Male,231.95.161.107
269,Alfi,Rulten,arulten7g@amazon.com,Female,197.131.43.219
270,Killie,Moneti,kmoneti7h@omniture.com,Male,222.181.13.64
271,Asia,McKeating,amckeating7i@apple.com,Female,161.18.33.106
272,John,Ryburn,jryburn7j@buzzfeed.com,Male,43.229.69.178
273,Ase,Kitman,akitman7k@cnn.com,Male,38.136.47.145
274,Megen,Mairs,mmairs7l@youku.com,Female,137.109.235.242
275,Phelia,Nelhams,pnelhams7m@nps.gov,Female,62.52.97.141
276,Cameron,Grassin,cgrassin7n@washington.edu,Male,41.42.139.97
277,Page,Eggins,peggins7o@tiny.cc,Female,158.44.101.153
278,Harley,Edgington,hedgington7p@huffingtonpost.com,Female,45.109.112.215
279,Flossi,Kevlin,fkevlin7q@booking.com,Female,210.216.111.137
280,Gram,Stockings,gstockings7r@csmonitor.com,Male,171.15.130.126
281,Sasha,Maidens,smaidens7s@diigo.com,Male,65.87.116.192
282,Ram,Fanshawe,rfanshawe7t@wikia.com,Male,225.253.141.77
283,Isabeau,Chuney,ichuney7u@altervista.org,Female,198.111.80.199
284,Hendrika,Terrazzo,hterrazzo7v@delicious.com,Female,132.14.167.248
285,Emma,Clyma,eclyma7w@mayoclinic.com,Female,105.25.33.88
286,Daveta,Dalla,ddalla7x@wired.com,Female,160.208.59.32
287,Tann,Jinks,tjinks7y@nydailynews.com,Male,81.112.5.98
288,Dougie,Bosence,dbosence7z@japanpost.jp,Male,91.249.94.66
289,Carlyle,Offner,coffner80@smugmug.com,Male,33.106.133.179
290,Alvie,Shury,ashury81@google.com.au,Male,19.248.10.221
291,Tamra,Daborne,tdaborne82@cocolog-nifty.com,Female,0.8.214.73
292,Brok,Rothman,brothman83@bizjournals.com,Male,112.137.244.25
293,Emelen,Kleynen,ekleynen84@cafepress.com,Male,126.175.220.223
294,Sophie,Dun,sdun85@nifty.com,Female,94.26.249.202
295,Izzy,Giacovelli,igiacovelli86@webnode.com,Male,143.34.237.197
296,Skippie,Knowler,sknowler87@indiatimes.com,Male,129.159.245.17
297,Stephani,Monsey,smonsey88@etsy.com,Female,192.121.106.39
298,Osgood,Derrick,oderrick89@privacy.gov.au,Male,65.95.134.102
299,Parnell,Capelen,pcapelen8a@constantcontact.com,Male,203.178.91.228
300,Amelina,Grayham,agrayham8b@addtoany.com,Female,131.81.170.208
301,Nobe,Blaik,nblaik8c@cafepress.com,Male,249.165.88.13
302,Mitchell,Le Teve,mleteve8d@nps.gov,Male,231.239.19.229
303,Coriss,Ranyell,cranyell8e@trellian.com,Female,86.128.80.119
304,Nap,Brazil,nbrazil8f@livejournal.com,Male,228.111.219.13
305,Torie,Shawyers,tshawyers8g@uiuc.edu,Female,139.46.205.202
306,Yurik,Hacquel,yhacquel8h@theglobeandmail.com,Male,153.157.191.80
307,Beauregard,Streader,bstreader8i@dell.com,Male,79.172.192.204
308,Nicolea,Bewly,nbewly8j@nba.com,Female,1.39.188.170
309,Mirilla,Wheadon,mwheadon8k@fema.gov,Female,10.32.49.36
310,Winonah,Earnshaw,wearnshaw8l@prnewswire.com,Female,140.116.9.98
311,Tatiania,Jickles,tjickles8m@fema.gov,Female,223.87.89.51
312,Dorothy,Dohrmann,ddohrmann8n@edublogs.org,Female,138.252.223.235
313,Sada,Cathcart,scathcart8o@surveymonkey.com,Female,238.175.186.21
314,Marietta,McCaig,mmccaig8p@berkeley.edu,Female,204.39.25.255
315,Jarid,Kopec,jkopec8q@whitehouse.gov,Male,156.178.69.224
316,Elliot,Gainsford,egainsford8r@comcast.net,Male,50.125.48.46
317,Belle,Gidley,bgidley8s@wikimedia.org,Female,225.24.139.212
318,Raynell,Hallum,rhallum8t@wired.com,Female,65.74.90.10
319,Blayne,Tirte,btirte8u@ftc.gov,Male,220.218.141.218
320,Elnore,Danielut,edanielut8v@goo.ne.jp,Female,39.102.131.136
321,Magdaia,Perrelli,mperrelli8w@liveinternet.ru,Female,123.183.52.91
322,Tani,Ginni,tginni8x@istockphoto.com,Female,236.151.2.209
323,Weston,Housiaux,whousiaux8y@google.com.br,Male,49.158.36.15
324,Simon,Abrehart,sabrehart8z@washingtonpost.com,Male,245.70.2.212
325,Ricky,Sevior,rsevior90@earthlink.net,Male,65.75.23.8
326,Eunice,Toderi,etoderi91@miitbeian.gov.cn,Female,75.71.13.32
327,Nicolas,Uvedale,nuvedale92@msu.edu,Male,233.145.186.141
328,Janos,Measom,jmeasom93@infoseek.co.jp,Male,170.255.19.11
329,Gretna,Taffie,gtaffie94@tumblr.com,Female,161.37.129.75
330,Berkly,Casterou,bcasterou95@taobao.com,Male,225.162.136.145
331,Kerk,Drewet,kdrewet96@icq.com,Male,29.118.24.197
332,Maryann,Blackborough,mblackborough97@thetimes.co.uk,Female,67.232.246.222
333,Marietta,Aspling,maspling98@wikimedia.org,Male,30.228.138.37
334,Ivor,Cahani,icahani99@360.cn,Male,58.12.85.45
335,Morgen,Bonnier,mbonnier9a@webnode.com,Female,73.58.44.230
336,Bonnie,Prinn,bprinn9b@java.com,Female,9.106.179.231
337,Gerda,Stiff,gstiff9c@cnbc.com,Female,251.93.118.183
338,Marquita,Bracer,mbracer9d@kickstarter.com,Female,118.169.148.239
339,Byran,Abbott,babbott9e@bigcartel.com,Male,121.252.123.251
340,Rosalinda,Fieller,rfieller9f@ucsd.edu,Female,79.211.31.222
341,Darell,D'eathe,ddeathe9g@photobucket.com,Female,58.214.63.251
342,Rurik,Kohnert,rkohnert9h@mac.com,Male,65.178.140.80
343,Keely,Nore,knore9i@irs.gov,Female,89.204.180.56
344,Rosalia,Burtenshaw,rburtenshaw9j@miibeian.gov.cn,Female,191.9.159.156
345,Hyacinthia,Pittock,hpittock9k@prweb.com,Female,4.40.62.163
346,Blake,Swainsbury,bswainsbury9l@hostgator.com,Female,122.67.143.159
347,Standford,MacUchadair,smacuchadair9m@webnode.com,Male,177.182.40.156
348,Lebbie,Hemphall,lhemphall9n@gravatar.com,Female,199.233.207.234
349,Anne-marie,Kellie,akellie9o@canalblog.com,Female,76.114.255.6
350,Auroora,Kubat,akubat9p@sohu.com,Female,2.182.33.243
351,Sibel,Ianne,sianne9q@epa.gov,Female,240.191.177.123
352,Emanuel,Shears,eshears9r@sphinn.com,Male,147.171.125.197
353,Heather,Blackler,hblackler9s@aboutads.info,Female,55.29.170.164
354,Jasen,Dunkinson,jdunkinson9t@cloudflare.com,Male,198.184.35.124
355,Lucky,Tunnow,ltunnow9u@vistaprint.com,Female,48.99.195.244
356,Gwendolin,Carlsen,gcarlsen9v@twitpic.com,Female,244.61.232.76
357,Issy,Geraud,igeraud9w@apple.com,Female,112.141.103.103
358,Eleonore,Bengough,ebengough9x@scientificamerican.com,Female,98.165.194.9
359,Gretchen,Autin,gautin9y@latimes.com,Female,87.85.222.218
360,Garrard,Sentinella,gsentinella9z@merriam-webster.com,Male,161.135.138.85
361,Carmela,Janaud,cjanauda0@aol.com,Female,41.61.39.195
362,Harriet,Schroder,hschrodera1@ucoz.ru,Female,233.233.79.219
363,Sallee,Tremellier,stremelliera2@yelp.com,Female,91.84.153.237
364,Clemente,de Clercq,cdeclercqa3@wikipedia.org,Male,35.248.234.165
365,Aleda,Moncreiffe,amoncreiffea4@ehow.com,Female,135.5.151.184
366,Olav,Filyashin,ofilyashina5@google.es,Male,248.43.3.234
367,Virgina,McGrudder,vmcgruddera6@typepad.com,Female,209.38.112.189
368,Bryn,Thorogood,bthorogooda7@de.vu,Female,13.125.133.147
369,Joseito,Menichillo,jmenichilloa8@123-reg.co.uk,Male,182.150.247.49
370,Candice,Ardy,cardya9@admin.ch,Female,74.113.231.192
371,Thibaud,Elliman,tellimanaa@china.com.cn,Male,40.200.202.178
372,Jermayne,Northover,jnorthoverab@de.vu,Male,54.19.88.87
373,Xerxes,Winspear,xwinspearac@paypal.com,Male,50.92.75.89
374,Renaud,Wigginton,rwiggintonad@apple.com,Male,52.229.73.30
375,Lita,Janic,ljanicae@time.com,Female,141.113.247.145
376,Douglass,Blasing,dblasingaf@uiuc.edu,Male,63.230.41.75
377,Doreen,Newbury,dnewburyag@i2i.jp,Female,28.82.186.116
378,Angel,Riply,ariplyah@dailymotion.com,Male,3.223.212.119
379,Jacklyn,Veronique,jveroniqueai@dedecms.com,Female,2.196.190.236
380,Nydia,McCumesky,nmccumeskyaj@dailymail.co.uk,Female,154.238.238.61
381,Sissy,Kidd,skiddak@baidu.com,Female,149.102.200.116
382,Cordy,Monkeman,cmonkemanal@archive.org,Male,19.92.124.171
383,Twyla,Krelle,tkrelleam@state.gov,Female,253.201.76.214
384,Aubrey,Duke,adukean@time.com,Male,214.203.54.150
385,Cornall,Itzcovichch,citzcovichchao@mapquest.com,Male,221.252.216.26
386,Bing,Duckit,bduckitap@typepad.com,Male,253.92.121.78
387,Ringo,Hurkett,rhurkettaq@phoca.cz,Male,186.204.101.191
388,Karla,Minillo,kminilloar@soundcloud.com,Female,194.255.87.131
389,Jamie,Godehard.sf,jgodehardsfas@independent.co.uk,Female,159.1.28.61
390,Elene,Fotherby,efotherbyat@slashdot.org,Female,239.178.8.124
391,Hashim,Kelbie,hkelbieau@blinklist.com,Male,26.66.222.12
392,Austin,Muller,amullerav@surveymonkey.com,Male,255.131.5.153
393,Park,Leel,pleelaw@paginegialle.it,Male,187.144.181.107
394,Louie,Jacklin,ljacklinax@apache.org,Male,84.63.215.165
395,Goldy,Garmons,ggarmonsay@forbes.com,Female,52.25.110.154
396,Horacio,Leavesley,hleavesleyaz@scientificamerican.com,Male,65.6.89.56
397,Scotty,Klaes,sklaesb0@berkeley.edu,Male,140.127.128.82
398,Tristan,Cameron,tcameronb1@com.com,Male,233.159.224.144
399,Fraze,Weymont,fweymontb2@quantcast.com,Male,62.246.59.200
400,Gerhard,Strelitz,gstrelitzb3@bloglines.com,Male,195.96.37.148
401,Latia,Krug,lkrugb4@sfgate.com,Female,190.11.157.220
402,Irwinn,Jeanneau,ijeanneaub5@reuters.com,Male,5.145.94.92
403,Eldridge,Struttman,estruttmanb6@mapy.cz,Male,205.110.39.206
404,Stormie,Bridywater,sbridywaterb7@utexas.edu,Female,147.230.134.118
405,Danyelle,Fruish,dfruishb8@free.fr,Female,191.217.100.179
406,Sue,Elderbrant,selderbrantb9@tripod.com,Female,126.5.192.254
407,Yetta,Westmerland,ywestmerlandba@paypal.com,Female,168.81.22.181
408,Andie,Spere,asperebb@google.com,Male,222.175.234.143
409,Gaile,Laurent,glaurentbc@fc2.com,Male,166.252.161.14
410,Ricca,Huson,rhusonbd@livejournal.com,Female,61.154.20.131
411,Pegeen,O'Kelly,pokellybe@google.com.br,Female,104.54.6.88
412,Yorgo,Somerfield,ysomerfieldbf@harvard.edu,Male,163.113.108.47
413,Mariana,Palfery,mpalferybg@parallels.com,Female,12.98.126.12
414,Hermie,Danet,hdanetbh@archive.org,Male,138.98.119.229
415,Paula,Meadowcraft,pmeadowcraftbi@illinois.edu,Female,178.79.214.221
416,Mackenzie,Revill,mrevillbj@scribd.com,Male,180.70.158.235
417,Hedi,Fallen,hfallenbk@uol.com.br,Female,40.108.106.18
418,Paul,Bertson,pbertsonbl@diigo.com,Male,231.173.53.11
419,Aubrey,Chapellow,achapellowbm@yelp.com,Female,18.231.39.13
420,Annmaria,Buxey,abuxeybn@rediff.com,Female,227.23.170.228
421,Halli,Lakeman,hlakemanbo@nationalgeographic.com,Female,105.161.230.255
422,Ogden,Clawe,oclawebp@mapquest.com,Male,222.119.234.30
423,Bonni,Cella,bcellabq@ask.com,Female,45.78.164.51
424,Odette,Conyard,oconyardbr@home.pl,Female,169.94.74.39
425,Jacquie,Guppey,jguppeybs@stumbleupon.com,Female,14.149.218.110
426,Ofella,Blenkhorn,oblenkhornbt@foxnews.com,Female,247.236.244.23
427,Maressa,Kubik,mkubikbu@networksolutions.com,Female,104.95.139.244
428,Mathilda,Meadus,mmeadusbv@dion.ne.jp,Female,122.126.65.230
429,Nertie,Franke,nfrankebw@vistaprint.com,Female,169.53.21.147
430,Pail,Covotto,pcovottobx@cbslocal.com,Male,7.211.209.60
431,Elise,Fry,efryby@sogou.com,Female,101.60.38.238
432,Leora,Polden,lpoldenbz@mlb.com,Female,87.5.141.22
433,Davidde,Whetson,dwhetsonc0@baidu.com,Male,25.108.21.45
434,Riordan,Petto,rpettoc1@blogger.com,Male,167.235.219.61
435,Gelya,Aulsford,gaulsfordc2@europa.eu,Female,240.208.42.253
436,Lynnell,Bodimeade,lbodimeadec3@webs.com,Female,167.173.50.188
437,Fidel,Lidgate,flidgatec4@timesonline.co.uk,Male,135.110.224.113
438,Aeriel,Dunnet,adunnetc5@bizjournals.com,Female,152.152.10.21
439,Eliza,Dunkerly,edunkerlyc6@nbcnews.com,Female,34.175.157.78
440,Debi,Sauvain,dsauvainc7@google.de,Female,233.89.39.83
441,Claudelle,Woodyer,cwoodyerc8@wix.com,Female,77.162.205.171
442,Marillin,Bartoszewski,mbartoszewskic9@irs.gov,Female,229.180.63.158
443,Julissa,Sorro,jsorroca@yale.edu,Female,61.48.88.151
444,Gillian,Andreaccio,gandreacciocb@mtv.com,Female,183.71.213.155
445,Cecilia,Say,csaycc@seattletimes.com,Female,32.107.6.13
446,Armin,Callaghan,acallaghancd@csmonitor.com,Male,197.253.65.139
447,Liane,Mowday,lmowdayce@wiley.com,Female,248.208.119.238
448,Brittne,Ordemann,bordemanncf@eepurl.com,Female,200.185.167.94
449,Rutledge,Schubert,rschubertcg@eepurl.com,Male,201.206.115.101
450,Jarred,Mohun,jmohunch@smugmug.com,Male,165.187.47.156
451,Euphemia,Steed,esteedci@i2i.jp,Female,183.240.175.250
452,Marrilee,Heinrich,mheinrichcj@google.com,Female,1.251.141.93
453,Mar,Todman,mtodmanck@home.pl,Male,166.255.249.156
454,Engelbert,Clougher,ecloughercl@4shared.com,Male,95.32.173.228
455,Peyton,Kuhlen,pkuhlencm@webmd.com,Male,216.44.249.125
456,Gregor,Skellington,gskellingtoncn@furl.net,Male,177.114.70.217
457,Jakob,Beddon,jbeddonco@illinois.edu,Male,99.86.210.213
458,Gweneth,Bolt,gboltcp@sakura.ne.jp,Female,140.13.232.235
459,Gavrielle,Wozencraft,gwozencraftcq@umich.edu,Female,62.48.54.11
460,Quinn,Etridge,qetridgecr@jimdo.com,Male,90.126.65.132
461,Nichols,Fildes,nfildescs@rambler.ru,Male,20.249.30.190
462,Gwenni,Maplethorp,gmaplethorpct@opera.com,Female,59.41.179.36
463,Burlie,Barthrup,bbarthrupcu@comsenz.com,Male,98.194.120.20
464,Bernadette,Wildbore,bwildborecv@spiegel.de,Female,228.53.126.53
465,Beauregard,Gotts,bgottscw@wordpress.org,Male,254.177.231.241
466,Krystyna,Granger,kgrangercx@1und1.de,Female,204.93.234.253
467,Meghann,Bengochea,mbengocheacy@so-net.ne.jp,Female,147.30.190.186
468,Bevin,Tschirasche,btschiraschecz@deviantart.com,Male,19.100.65.153
469,Amargo,Pickersail,apickersaild0@toplist.cz,Female,107.63.4.133
470,Saxe,Deshorts,sdeshortsd1@barnesandnoble.com,Male,185.94.245.31
471,Rance,Daniele,rdanieled2@vimeo.com,Male,152.2.80.243
472,Bard,Mingaye,bmingayed3@abc.net.au,Male,84.171.136.150
473,Kessia,Ambroziak,kambroziakd4@epa.gov,Female,154.65.15.192
474,Kippy,Cosyns,kcosynsd5@wunderground.com,Male,27.135.56.113
475,Trixi,Zannuto,tzannutod6@github.com,Female,44.58.155.28
476,Anastasia,Biskup,abiskupd7@sciencedaily.com,Female,50.99.215.188
477,Brian,Haskell,bhaskelld8@slashdot.org,Male,19.6.167.236
478,Koren,Adie,kadied9@spotify.com,Female,202.97.163.127
479,Baxter,Cristofaro,bcristofaroda@sogou.com,Male,131.13.237.52
480,Randell,Amiable,ramiabledb@harvard.edu,Male,187.112.170.122
481,Neille,Dwerryhouse,ndwerryhousedc@independent.co.uk,Female,184.245.130.211
482,Elinore,Jacson,ejacsondd@blogtalkradio.com,Female,65.45.146.163
483,Sharai,Raper,sraperde@behance.net,Female,175.59.203.65
484,Louise,Tutill,ltutilldf@domainmarket.com,Female,214.76.138.102
485,Ted,Busch,tbuschdg@flavors.me,Female,126.216.53.108
486,Aeriell,Rase,arasedh@sogou.com,Female,185.160.207.5
487,Aguistin,Foley,afoleydi@goodreads.com,Male,183.74.64.1
488,Jeffrey,Sorbie,jsorbiedj@hhs.gov,Male,73.71.207.29
489,Ingram,Vannikov,ivannikovdk@gizmodo.com,Male,94.31.124.112
490,Iolanthe,Bodesson,ibodessondl@si.edu,Female,125.45.173.55
491,Jeannine,Broe,jbroedm@sciencedirect.com,Female,40.10.223.90
492,Dur,Cornelissen,dcornelissendn@moonfruit.com,Male,159.150.208.43
493,Basil,Cudbertson,bcudbertsondo@sbwire.com,Male,83.182.215.126
494,Mil,Loughnan,mloughnandp@java.com,Female,251.149.246.132
495,Carolina,Howsam,chowsamdq@list-manage.com,Female,98.19.216.92
496,Jolene,Gatfield,jgatfielddr@wikipedia.org,Female,45.102.8.41
497,Aloysia,Bernardelli,abernardellids@japanpost.jp,Female,176.183.247.84
498,Loleta,Shimmans,lshimmansdt@timesonline.co.uk,Female,248.165.35.140
499,Lombard,Sawden,lsawdendu@mashable.com,Male,228.149.114.185
500,Joana,Kibblewhite,jkibblewhitedv@domainmarket.com,Female,71.73.21.255
501,Gerick,Chaundy,gchaundydw@spiegel.de,Male,132.90.92.50
502,Gretna,Attoc,gattocdx@biblegateway.com,Female,50.228.74.189
503,Tana,Kurth,tkurthdy@noaa.gov,Female,101.252.210.91
504,Sally,Espinal,sespinaldz@vistaprint.com,Female,189.34.83.253
505,Kippy,Corrado,kcorradoe0@va.gov,Male,201.81.145.247
506,Glynn,Mayow,gmayowe1@nps.gov,Male,247.47.147.61
507,Ermin,Cunniff,ecunniffe2@paypal.com,Male,195.109.89.176
508,Obediah,Retter,orettere3@twitpic.com,Male,70.89.134.208
509,Tristan,Penny,tpennye4@behance.net,Male,165.170.29.85
510,Flin,Lawdham,flawdhame5@nydailynews.com,Male,223.227.150.22
511,Haily,Wandrach,hwandrache6@discovery.com,Male,103.6.108.68
512,Ernestus,Hallock,ehallocke7@who.int,Male,105.129.155.148
513,Valry,Gaines,vgainese8@eventbrite.com,Female,184.249.105.181
514,Jammie,Layborn,jlayborne9@ucoz.ru,Female,41.100.210.235
515,Aleksandr,Carmel,acarmelea@hibu.com,Male,80.108.184.51
516,Matthus,Izzatt,mizzatteb@omniture.com,Male,44.134.170.177
517,Frank,Swafield,fswafieldec@omniture.com,Female,60.170.222.102
518,Charleen,Quadri,cquadried@google.pl,Female,154.170.47.144
519,Roanne,Antonnikov,rantonnikovee@php.net,Female,68.209.234.245
520,Lief,Lindback,llindbackef@blogtalkradio.com,Male,0.57.29.224
521,Halsey,Seiller,hseillereg@boston.com,Male,110.184.97.55
522,Taddeusz,Wackley,twackleyeh@admin.ch,Male,34.225.100.168
523,Gasparo,Lillee,glilleeei@comcast.net,Male,77.107.209.43
524,Eldredge,Jennaroy,ejennaroyej@flickr.com,Male,39.102.110.231
525,Chris,Balasini,cbalasiniek@gravatar.com,Female,73.161.145.58
526,Thorstein,Treneman,ttrenemanel@woothemes.com,Male,2.23.138.113
527,Jaclin,Margerrison,jmargerrisonem@liveinternet.ru,Female,57.17.50.21
528,Basil,Silbermann,bsilbermannen@alibaba.com,Male,204.69.54.175
529,Davin,Cookes,dcookeseo@altervista.org,Male,103.61.241.125
530,Druci,Sainsbury-Brown,dsainsburybrownep@artisteer.com,Female,14.20.14.89
531,Marnie,Vasyutkin,mvasyutkineq@meetup.com,Female,154.195.112.13
532,Langston,Orbell,lorbeller@desdev.cn,Male,233.237.226.108
533,Tris,Antyshev,tantysheves@chicagotribune.com,Male,115.87.140.71
534,Benedict,Giacomi,bgiacomiet@51.la,Male,2.60.249.90
535,Even,Ashworth,eashwortheu@reference.com,Male,209.75.247.17
536,Prent,Sweynson,psweynsonev@smugmug.com,Male,117.207.237.156
537,Aime,Vassie,avassieew@lycos.com,Female,58.160.73.23
538,Shelley,Stother,sstotherex@acquirethisname.com,Female,132.93.238.30
539,Selig,Daventry,sdaventryey@nationalgeographic.com,Male,72.21.184.64
540,Mechelle,Daynter,mdaynterez@macromedia.com,Female,46.95.199.62
541,Samuel,Juliff,sjulifff0@webeden.co.uk,Male,112.48.66.194
542,Nessie,Swannack,nswannackf1@storify.com,Female,32.28.212.205
543,Buck,McKomb,bmckombf2@tinypic.com,Male,173.160.69.136
544,Parsifal,Elven,pelvenf3@skyrock.com,Male,146.34.195.60
545,Garnette,Youll,gyoullf4@abc.net.au,Female,225.238.48.117
546,Nikola,Beamiss,nbeamissf5@indiatimes.com,Male,240.86.60.84
547,Dag,Styant,dstyantf6@prlog.org,Male,198.171.210.216
548,Odilia,Petegree,opetegreef7@vk.com,Female,120.146.192.16
549,Joscelin,Paskins,jpaskinsf8@cdc.gov,Female,176.102.249.81
550,Alfi,Sarge,asargef9@skype.com,Female,81.57.205.119
551,Horton,Kendall,hkendallfa@constantcontact.com,Male,228.115.245.64
552,Helga,Siemantel,hsiemantelfb@mediafire.com,Female,28.69.134.106
553,Linell,Baldazzi,lbaldazzifc@spotify.com,Female,135.111.30.34
554,Orella,De Ruggiero,oderuggierofd@bluehost.com,Female,186.162.247.52
555,Elbertina,Boise,eboisefe@samsung.com,Female,50.139.43.155
556,Dacey,Nardi,dnardiff@mozilla.com,Female,164.220.3.96
557,Lorens,Rudloff,lrudlofffg@pcworld.com,Male,5.4.42.149
558,Billye,Tribe,btribefh@jugem.jp,Female,196.145.223.238
559,Arlena,Caseri,acaserifi@google.com.au,Female,103.6.80.63
560,Del,Brixey,dbrixeyfj@amazon.de,Female,88.114.43.198
561,Nissie,De Gregoli,ndegregolifk@ucla.edu,Female,82.118.50.54
562,Barnebas,Potteridge,bpotteridgefl@webs.com,Male,149.117.234.105
563,Tailor,Bonnier,tbonnierfm@com.com,Male,142.201.188.158
564,Kylie,Haker,khakerfn@about.me,Female,174.225.78.62
565,Gifford,Jandera,gjanderafo@yolasite.com,Male,240.188.88.96
566,Raphael,Billo,rbillofp@tumblr.com,Male,91.204.187.126
567,Byron,Sheffield,bsheffieldfq@icq.com,Male,186.85.148.150
568,Curry,Sergent,csergentfr@bing.com,Male,192.95.162.216
569,Bronnie,Accomb,baccombfs@dyndns.org,Male,250.103.165.79
570,Charleen,Sproule,csprouleft@businessinsider.com,Female,8.221.31.56
571,Angie,Stacey,astaceyfu@umn.edu,Male,167.230.46.242
572,Germaine,Joliffe,gjoliffefv@rakuten.co.jp,Male,196.218.223.146
573,Whitney,Petru,wpetrufw@t.co,Female,125.207.105.169
574,Galen,Deards,gdeardsfx@eepurl.com,Male,212.44.5.186
575,Morley,Lukasen,mlukasenfy@dropbox.com,Male,100.214.78.246
576,Missy,Alliston,mallistonfz@over-blog.com,Female,205.236.105.109
577,Kaylyn,Banfill,kbanfillg0@apple.com,Female,143.199.214.116
578,Sonya,Roseaman,sroseamang1@bizjournals.com,Female,192.68.8.169
579,Kiah,McKie,kmckieg2@cam.ac.uk,Female,188.222.13.25
580,Graig,Tiuit,gtiuitg3@nbcnews.com,Male,133.123.65.12
581,Celisse,Halse,chalseg4@marriott.com,Female,111.7.85.34
582,Karlene,Vearnals,kvearnalsg5@nps.gov,Female,21.144.18.206
583,Nananne,Birtwell,nbirtwellg6@simplemachines.org,Female,222.50.43.238
584,Kerry,Braidford,kbraidfordg7@plala.or.jp,Male,98.198.87.125
585,Danny,Napper,dnapperg8@prlog.org,Female,31.4.35.190
586,Latrina,Iwanowicz,liwanowiczg9@angelfire.com,Female,90.38.60.176
587,Wain,Terrans,wterransga@liveinternet.ru,Male,180.229.194.238
588,Artus,Morecomb,amorecombgb@g.co,Male,48.135.243.208
589,Nelle,Bradder,nbraddergc@globo.com,Female,198.167.227.245
590,Bill,Fawckner,bfawcknergd@fotki.com,Female,121.181.236.171
591,Marja,Hulland,mhullandge@cargocollective.com,Female,240.135.223.166
592,Emili,Darragon,edarragongf@a8.net,Female,184.220.4.79
593,Gradeigh,Schettini,gschettinigg@cisco.com,Male,195.89.129.52
594,Josee,Baseley,jbaseleygh@cnet.com,Female,252.72.236.234
595,Philomena,Sleicht,psleichtgi@princeton.edu,Female,121.39.225.32
596,Elyse,Cossam,ecossamgj@sohu.com,Female,233.112.235.102
597,Louie,Gurry,lgurrygk@hhs.gov,Male,229.135.203.77
598,Deny,Bogges,dboggesgl@sciencedirect.com,Female,15.222.195.198
599,Donielle,O'Neal,donealgm@free.fr,Female,175.69.227.247
600,Giulietta,Christall,gchristallgn@cbslocal.com,Female,32.203.42.54
601,Ilsa,Keyte,ikeytego@clickbank.net,Female,103.181.80.231
602,Laraine,Hould,lhouldgp@wikimedia.org,Female,212.70.130.137
603,Muhammad,Asel,maselgq@wikimedia.org,Male,117.48.5.16
604,Wittie,Milroy,wmilroygr@jigsy.com,Male,203.149.116.198
605,Roland,Asplin,rasplings@admin.ch,Male,61.195.191.225
606,Adriana,Mitchley,amitchleygt@weather.com,Female,97.242.9.223
607,Gauthier,Gabbett,ggabbettgu@simplemachines.org,Male,173.65.233.83
608,Twyla,Abrahm,tabrahmgv@umn.edu,Female,170.224.240.86
609,Anny,Paunton,apauntongw@patch.com,Female,52.103.59.57
610,Ario,Bothram,abothramgx@msn.com,Male,23.194.86.131
611,Valenka,Frankes,vfrankesgy@squarespace.com,Female,117.91.47.118
612,Mandi,Swale,mswalegz@icio.us,Female,242.3.251.120
613,Nola,Franceschielli,nfranceschiellih0@t-online.de,Female,18.130.81.117
614,Cassy,Stebbing,cstebbingh1@elegantthemes.com,Female,231.141.238.108
615,Darnall,Inkpin,dinkpinh2@cargocollective.com,Male,194.132.231.209
616,Tootsie,Harbar,tharbarh3@theatlantic.com,Female,165.217.22.191
617,Devonna,Guillot,dguilloth4@harvard.edu,Female,218.146.81.106
618,Maryann,Chantrell,mchantrellh5@rediff.com,Female,174.130.26.100
619,Wilfred,Utley,wutleyh6@histats.com,Male,162.149.88.133
620,Odey,Jakubski,ojakubskih7@google.com.hk,Male,82.76.76.36
621,Stafford,Hechlin,shechlinh8@squidoo.com,Male,177.225.127.9
622,Andee,Robberts,arobbertsh9@pen.io,Female,67.213.173.233
623,Silvia,Keming,skemingha@google.es,Female,37.140.118.208
624,Codi,Ayris,cayrishb@ycombinator.com,Female,145.82.38.78
625,Guglielma,Eastup,geastuphc@last.fm,Female,140.3.174.113
626,Giffard,Harriday,gharridayhd@edublogs.org,Male,41.40.47.194
627,Decca,Wintringham,dwintringhamhe@smh.com.au,Male,143.28.157.131
628,Elly,Pike,epikehf@cmu.edu,Female,17.241.85.182
629,Cyndy,Trumper,ctrumperhg@seesaa.net,Female,221.66.197.175
630,Jameson,Aveson,javesonhh@washingtonpost.com,Male,79.188.46.67
631,Dottie,Boggis,dboggishi@merriam-webster.com,Female,184.151.171.104
632,Rebbecca,Strephan,rstrephanhj@imageshack.us,Female,93.103.159.56
633,Constantine,Duff,cduffhk@cdc.gov,Female,176.215.42.119
634,Denni,Piperley,dpiperleyhl@joomla.org,Female,81.177.106.139
635,Rodolphe,Gaffon,rgaffonhm@list-manage.com,Male,140.178.216.143
636,Gaultiero,Fashion,gfashionhn@guardian.co.uk,Male,209.133.222.174
637,Inga,Borthe,ibortheho@apache.org,Female,159.11.222.86
638,Claudian,Stean,csteanhp@nih.gov,Male,116.172.66.3
639,Laurice,Sulland,lsullandhq@github.com,Female,170.27.161.20
640,Tuckie,Fenners,tfennershr@nationalgeographic.com,Male,185.91.84.59
641,Vinnie,McKeevers,vmckeevershs@mtv.com,Male,175.54.24.206
642,Madalena,Hegel,mhegelht@wix.com,Female,157.76.21.29
643,Thacher,Tutchell,ttutchellhu@zimbio.com,Male,92.58.209.41
644,Thorndike,Garrat,tgarrathv@diigo.com,Male,43.176.134.236
645,Hughie,Messam,hmessamhw@tripadvisor.com,Male,216.76.9.136
646,Elysha,Balnave,ebalnavehx@simplemachines.org,Female,215.34.86.98
647,Marietta,Woofendell,mwoofendellhy@unesco.org,Female,0.223.213.197
648,Dulcy,Smithies,dsmithieshz@house.gov,Female,216.194.50.214
649,Dugald,Plackstone,dplackstonei0@cloudflare.com,Male,99.205.223.124
650,Mady,Chillcot,mchillcoti1@engadget.com,Female,110.198.244.195
651,Sandye,Minney,sminneyi2@gravatar.com,Female,191.174.253.64
652,Elka,Medcraft,emedcrafti3@comsenz.com,Female,42.194.247.96
653,Aksel,Overton,aovertoni4@liveinternet.ru,Male,111.112.213.38
654,Papageno,McAvinchey,pmcavincheyi5@barnesandnoble.com,Male,235.49.175.42
655,Kerr,Gurry,kgurryi6@tinypic.com,Male,121.196.109.216
656,Roma,Sisland,rsislandi7@rakuten.co.jp,Male,203.189.250.245
657,Pavla,Stanbury,pstanburyi8@mozilla.com,Female,205.231.167.63
658,Cos,Macura,cmacurai9@godaddy.com,Male,196.242.185.218
659,Patric,Godfrey,pgodfreyia@w3.org,Male,219.3.124.128
660,Ansel,Lenox,alenoxib@mozilla.org,Male,140.197.101.85
661,Aldridge,Matijevic,amatijevicic@yellowpages.com,Male,140.224.186.51
662,Ammamaria,Keenlayside,akeenlaysideid@parallels.com,Female,57.62.251.164
663,Ilaire,Josipovitz,ijosipovitzie@dyndns.org,Male,63.173.91.98
664,Kerry,Kinge,kkingeif@amazonaws.com,Male,182.68.14.255
665,Agneta,Varden,avardenig@g.co,Female,234.107.26.197
666,Penn,McCuthais,pmccuthaisih@skyrock.com,Male,246.217.202.24
667,Chevalier,Koenen,ckoenenii@simplemachines.org,Male,120.108.104.26
668,Dianemarie,Cowling,dcowlingij@auda.org.au,Female,200.148.170.140
669,Ethelbert,Tilt,etiltik@senate.gov,Male,7.246.116.102
670,Townie,Bodleigh,tbodleighil@sakura.ne.jp,Male,28.118.160.151
671,Davy,Lakey,dlakeyim@google.co.jp,Male,99.227.216.111
672,Kevon,Willoughey,kwillougheyin@macromedia.com,Male,154.1.134.209
673,Theo,Kroch,tkrochio@businessweek.com,Male,25.9.70.199
674,Melicent,Rogge,mroggeip@apple.com,Female,8.125.15.191
675,Jeanne,Rewan,jrewaniq@china.com.cn,Female,93.78.69.150
676,Yale,Duns,ydunsir@nasa.gov,Male,135.224.151.64
677,Keenan,Ditts,kdittsis@blogger.com,Male,119.59.163.67
678,Reinhold,Haygreen,rhaygreenit@dagondesign.com,Male,5.98.156.74
679,Saundra,McFadyen,smcfadyeniu@creativecommons.org,Male,194.58.65.188
680,Edward,Grain,egrainiv@usatoday.com,Male,31.47.38.252
681,Sheryl,Cumbes,scumbesiw@springer.com,Female,202.53.207.96
682,Chick,Huttley,chuttleyix@delicious.com,Male,11.221.116.101
683,Margy,Paradis,mparadisiy@networksolutions.com,Female,20.241.39.38
684,Dorie,Alsford,dalsfordiz@surveymonkey.com,Female,83.61.88.18
685,Pincas,Blowing,pblowingj0@twitpic.com,Male,198.164.104.70
686,Roanne,Beebis,rbeebisj1@desdev.cn,Female,179.56.81.1
687,Keely,Iacavone,kiacavonej2@howstuffworks.com,Female,69.234.81.176
688,Thornton,Greatbatch,tgreatbatchj3@geocities.jp,Male,235.224.202.24
689,Sasha,Tribbeck,stribbeckj4@dot.gov,Female,117.197.191.6
690,Bessy,Ropking,bropkingj5@squidoo.com,Female,23.6.130.178
691,Dimitry,Jurisch,djurischj6@google.com.hk,Male,60.154.111.17
692,Arnuad,Rosthorn,arosthornj7@whitehouse.gov,Male,86.115.111.190
693,Travis,Denyakin,tdenyakinj8@w3.org,Male,109.104.207.64
694,Lin,Loseke,llosekej9@youku.com,Male,43.68.171.15
695,Obadias,Elsie,oelsieja@foxnews.com,Male,19.99.130.233
696,Corly,Congdon,ccongdonjb@g.co,Female,23.40.208.74
697,Benedetta,Stitt,bstittjc@rambler.ru,Female,235.48.203.138
698,Raven,Kleynermans,rkleynermansjd@blogs.com,Female,253.123.176.167
699,Addie,Whitwood,awhitwoodje@bravesites.com,Male,91.7.101.106
700,Sean,Hedditeh,shedditehjf@hexun.com,Male,203.212.99.201
701,Devland,Exer,dexerjg@wikipedia.org,Male,181.38.103.156
702,Joelie,Franses,jfransesjh@businessinsider.com,Female,222.92.161.156
703,Langsdon,Steuhlmeyer,lsteuhlmeyerji@google.es,Male,17.92.194.124
704,Valentino,Palffrey,vpalffreyjj@sitemeter.com,Male,146.211.114.62
705,Brant,Healy,bhealyjk@ovh.net,Male,249.173.129.235
706,Gus,Sodeau,gsodeaujl@cargocollective.com,Female,253.240.201.72
707,Ilise,Garth,igarthjm@examiner.com,Female,154.237.55.41
708,Tamqrah,Rediers,trediersjn@hud.gov,Female,206.167.186.218
709,Brian,Springthorpe,bspringthorpejo@guardian.co.uk,Male,239.46.92.82
710,Reynolds,Harryman,rharrymanjp@weather.com,Male,54.254.153.156
711,Blondell,Lebbon,blebbonjq@columbia.edu,Female,129.255.205.158
712,Rudolf,Jennaroy,rjennaroyjr@examiner.com,Male,116.32.61.211
713,Zola,Pryor,zpryorjs@amazon.de,Female,9.241.71.141
714,Caron,Yuryatin,cyuryatinjt@slashdot.org,Female,12.146.249.207
715,Ansley,Pentelo,apenteloju@yolasite.com,Female,230.0.170.186
716,Meir,McGrath,mmcgrathjv@pinterest.com,Male,190.67.191.113
717,Gwendolen,Stratiff,gstratiffjw@shinystat.com,Female,203.250.185.27
718,Bald,Byrnes,bbyrnesjx@unblog.fr,Male,181.104.85.59
719,Sherm,Trounce,strouncejy@boston.com,Male,18.238.174.20
720,Martguerita,Cheltnam,mcheltnamjz@wufoo.com,Female,89.32.215.104
721,Ertha,Christaeas,echristaeask0@cbc.ca,Female,13.242.104.252
722,Briant,Merlin,bmerlink1@clickbank.net,Male,167.126.217.47
723,Marchall,Brame,mbramek2@loc.gov,Male,136.86.27.62
724,Bethina,Riordan,briordank3@symantec.com,Female,128.41.38.29
725,Dulcine,Tuther,dtutherk4@thetimes.co.uk,Female,93.138.63.91
726,Aguste,Gosforth,agosforthk5@apple.com,Male,62.51.24.35
727,Fayina,Mouan,fmouank6@tamu.edu,Female,95.247.33.56
728,Zelig,Peasby,zpeasbyk7@reuters.com,Male,82.17.100.55
729,Baudoin,Schultheiss,bschultheissk8@unesco.org,Male,200.125.92.194
730,Devlin,Hurdedge,dhurdedgek9@blogtalkradio.com,Male,2.95.102.56
731,Milton,O'Grogane,mogroganeka@foxnews.com,Male,161.11.86.50
732,Reeta,Balaizot,rbalaizotkb@comsenz.com,Female,71.52.188.54
733,Jillana,Vergine,jverginekc@state.tx.us,Female,220.47.41.145
734,Susanetta,Oland,solandkd@about.me,Female,92.82.230.46
735,Ignacio,Greschik,igreschikke@geocities.com,Male,67.145.194.182
736,Thedrick,Serrurier,tserrurierkf@icq.com,Male,253.213.182.40
737,Mervin,Hourican,mhouricankg@tmall.com,Male,214.10.95.175
738,Fitzgerald,Ealles,fealleskh@phpbb.com,Male,112.83.61.56
739,Kippie,Mabe,kmabeki@xinhuanet.com,Female,227.1.27.37
740,Thornton,Andretti,tandrettikj@dailymail.co.uk,Male,212.77.60.254
741,Bendick,Linforth,blinforthkk@wikia.com,Male,218.18.88.118
742,Lenna,McArtan,lmcartankl@mayoclinic.com,Female,51.126.45.199
743,Ariella,McNickle,amcnicklekm@twitter.com,Female,59.192.36.24
744,Hephzibah,Bashford,hbashfordkn@zimbio.com,Female,189.58.229.112
745,June,Veldens,jveldensko@huffingtonpost.com,Female,232.228.44.85
746,Chico,Fibbens,cfibbenskp@jugem.jp,Male,41.180.236.87
747,Nalani,Nutley,nnutleykq@engadget.com,Female,118.202.50.214
748,Lyndell,Impett,limpettkr@ameblo.jp,Female,202.225.239.83
749,Irma,Scargill,iscargillks@tripadvisor.com,Female,51.118.253.171
750,Fiona,Papaminas,fpapaminaskt@cdc.gov,Female,227.216.5.82
751,Adelbert,Avo,aavoku@theglobeandmail.com,Male,208.27.209.176
752,Lynelle,Brittles,lbrittleskv@woothemes.com,Female,254.90.246.158
753,Freeman,Walshaw,fwalshawkw@whitehouse.gov,Male,96.185.104.187
754,Titos,Menere,tmenerekx@shinystat.com,Male,30.123.105.67
755,Skylar,Schurig,sschurigky@oracle.com,Male,77.68.1.12
756,Deane,Kadwallider,dkadwalliderkz@whitehouse.gov,Male,0.101.209.229
757,Hagan,Cadwallader,hcadwalladerl0@jugem.jp,Male,24.34.16.41
758,Freda,Sivier,fsivierl1@icio.us,Female,57.240.239.244
759,Sutton,Pattemore,spattemorel2@si.edu,Male,43.212.142.252
760,Julio,Winslade,jwinsladel3@nps.gov,Male,131.82.194.173
761,Arny,Seath,aseathl4@google.it,Male,89.11.94.176
762,Bevin,Mc Mechan,bmcmechanl5@dailymotion.com,Male,248.215.111.189
763,Andris,Chadwyck,achadwyckl6@php.net,Male,60.236.129.87
764,Godiva,Shoebottom,gshoebottoml7@marriott.com,Female,14.100.249.226
765,Dosi,Lewendon,dlewendonl8@cbsnews.com,Female,125.150.169.70
766,Dallis,Gerhardt,dgerhardtl9@wikispaces.com,Male,19.195.58.60
767,Anatollo,Habishaw,ahabishawla@sitemeter.com,Male,162.70.33.219
768,Arline,Couser,acouserlb@addtoany.com,Female,221.253.65.124
769,Barbabas,Cattermoul,bcattermoullc@tinypic.com,Male,85.21.138.137
770,Darbie,Dallicott,ddallicottld@topsy.com,Female,37.192.147.44
771,Alix,Fadden,afaddenle@epa.gov,Male,156.92.75.148
772,Fredelia,Sonnenschein,fsonnenscheinlf@wisc.edu,Female,143.50.12.71
773,Demetra,Challinor,dchallinorlg@icio.us,Female,126.238.87.162
774,Aleksandr,Figurski,afigurskilh@storify.com,Male,224.3.67.229
775,Korry,Mylchreest,kmylchreestli@naver.com,Female,18.47.252.241
776,Otto,Boal,oboallj@theatlantic.com,Male,193.101.10.53
777,Roxana,Arndell,rarndelllk@hibu.com,Female,36.196.233.64
778,Dimitri,Weld,dweldll@irs.gov,Male,244.36.17.149
779,Townie,Ruffell,truffelllm@noaa.gov,Male,60.247.93.108
780,Emmett,Morhall,emorhallln@unicef.org,Male,15.231.144.71
781,Burnard,Hellen,bhellenlo@woothemes.com,Male,60.44.32.198
782,Liza,Wincott,lwincottlp@taobao.com,Female,82.189.191.55
783,Barbaraanne,Edkins,bedkinslq@mayoclinic.com,Female,142.197.239.236
784,Tomi,Behan,tbehanlr@webs.com,Female,71.116.209.220
785,Ulick,Francais,ufrancaisls@aol.com,Male,130.253.170.45
786,Kare,Dimsdale,kdimsdalelt@ucoz.ru,Female,32.47.157.44
787,Wynn,Klimkin,wklimkinlu@addtoany.com,Male,88.129.42.177
788,Meredeth,Dunster,mdunsterlv@slate.com,Male,253.13.41.52
789,Jeannie,Walworth,jwalworthlw@forbes.com,Female,63.105.91.67
790,Palmer,Meugens,pmeugenslx@spotify.com,Male,147.148.116.145
791,Danya,Birden,dbirdenly@bing.com,Female,119.5.86.214
792,Rahal,Habens,rhabenslz@drupal.org,Female,165.214.57.47
793,Alvinia,Tisun,atisunm0@oakley.com,Female,57.122.79.29
794,Deane,Neilus,dneilusm1@feedburner.com,Female,106.225.243.35
795,Dayna,Toping,dtopingm2@free.fr,Female,152.233.248.29
796,Ingunna,Espinola,iespinolam3@t.co,Female,111.104.14.61
797,Lynda,Shoosmith,lshoosmithm4@state.gov,Female,176.177.124.61
798,Germaine,Pickvance,gpickvancem5@skyrock.com,Male,116.52.31.141
799,Michele,Angelo,mangelom6@geocities.jp,Female,160.254.55.248
800,Zachary,McLarens,zmclarensm7@simplemachines.org,Male,182.219.125.103
801,Westley,Brimilcombe,wbrimilcombem8@usnews.com,Male,189.6.84.215
802,Lyle,Eaton,leatonm9@over-blog.com,Male,169.104.172.143
803,Michelle,Meaddowcroft,mmeaddowcroftma@telegraph.co.uk,Female,65.116.103.16
804,Barr,Grubb,bgrubbmb@theguardian.com,Male,135.163.194.44
805,Krissie,Forkan,kforkanmc@wp.com,Female,236.157.83.87
806,Meggy,MacLaig,mmaclaigmd@auda.org.au,Female,36.118.56.77
807,Susette,Wevell,swevellme@admin.ch,Female,118.91.12.174
808,Lucius,Ettridge,lettridgemf@ibm.com,Male,16.243.28.25
809,Wallie,Echallier,wechalliermg@123-reg.co.uk,Male,37.217.86.150
810,Adore,Crossgrove,acrossgrovemh@webmd.com,Female,153.87.72.98
811,Lisha,Cheltnam,lcheltnammi@mayoclinic.com,Female,193.48.161.20
812,Doretta,Paulon,dpaulonmj@discovery.com,Female,94.205.177.247
813,Cristabel,Jeavons,cjeavonsmk@lycos.com,Female,48.52.26.162
814,Aime,Doppler,adopplerml@infoseek.co.jp,Female,120.117.102.17
815,Kaleena,Harfleet,kharfleetmm@barnesandnoble.com,Female,56.224.157.56
816,Karmen,Petri,kpetrimn@bandcamp.com,Female,141.186.158.121
817,Wiatt,Francesch,wfranceschmo@stumbleupon.com,Male,235.66.111.45
818,Gian,Grinishin,ggrinishinmp@oracle.com,Male,151.95.112.205
819,Oona,Bradtke,obradtkemq@shinystat.com,Female,15.117.200.111
820,Burnaby,Ringer,bringermr@weather.com,Male,230.76.203.48
821,Kennith,Boller,kbollerms@washington.edu,Male,85.250.133.207
822,Dayna,Schuck,dschuckmt@wikimedia.org,Female,2.225.142.177
823,Maddalena,Simonassi,msimonassimu@omniture.com,Female,164.232.71.240
824,Germana,Churching,gchurchingmv@linkedin.com,Female,179.41.115.154
825,Mariam,Shilburne,mshilburnemw@amazon.de,Female,195.6.116.223
826,Tamas,Haberfield,thaberfieldmx@weather.com,Male,232.65.15.72
827,Ernie,Cosin,ecosinmy@tripod.com,Male,123.26.214.155
828,Cissiee,Kleynermans,ckleynermansmz@si.edu,Female,5.86.239.1
829,Yorgos,Nowland,ynowlandn0@sitemeter.com,Male,131.230.175.116
830,Judas,Caughtry,jcaughtryn1@ovh.net,Male,206.151.6.152
831,Marlane,Downing,mdowningn2@foxnews.com,Female,68.168.233.108
832,Blinni,Vasey,bvaseyn3@netscape.com,Female,21.97.239.198
833,Camille,Tremlett,ctremlettn4@mapquest.com,Female,14.245.70.177
834,Aurelia,Crowther,acrowthern5@cpanel.net,Female,88.38.149.80
835,Jsandye,Bailiss,jbailissn6@un.org,Female,135.148.68.141
836,Tymothy,Tyas,ttyasn7@free.fr,Male,252.77.239.129
837,Giffer,McGettrick,gmcgettrickn8@boston.com,Male,137.47.203.29
838,Yurik,Thunders,ythundersn9@dion.ne.jp,Male,238.85.23.110
839,Karee,Copsey,kcopseyna@state.tx.us,Female,84.56.231.233
840,Midge,Strangward,mstrangwardnb@parallels.com,Female,56.244.86.251
841,Glynis,Bransdon,gbransdonnc@jugem.jp,Female,90.235.227.157
842,Meggy,Sparshett,msparshettnd@yellowbook.com,Female,32.146.7.145
843,Ninnette,Wales,nwalesne@yahoo.co.jp,Female,97.3.99.185
844,Ellsworth,Munslow,emunslownf@symantec.com,Male,75.74.140.251
845,Eldon,Mayell,emayellng@ibm.com,Male,117.144.168.168
846,Edlin,Hince,ehincenh@ycombinator.com,Male,102.164.140.109
847,Val,Caff,vcaffni@mozilla.com,Male,103.147.65.232
848,Filmore,Puig,fpuignj@miibeian.gov.cn,Male,25.95.83.77
849,Peirce,Knock,pknocknk@yellowbook.com,Male,243.1.67.52
850,Remington,Choak,rchoaknl@epa.gov,Male,157.129.158.237
851,Paloma,Dulake,pdulakenm@ycombinator.com,Female,67.58.119.110
852,Elise,Ficken,efickennn@sfgate.com,Female,161.85.142.214
853,Anny,MacCurlye,amaccurlyeno@theatlantic.com,Female,8.119.115.13
854,Dannie,Stiegers,dstiegersnp@unc.edu,Male,58.168.217.13
855,Charmane,Farr,cfarrnq@cafepress.com,Female,107.150.125.139
856,Reese,Service,rservicenr@unblog.fr,Male,235.166.6.99
857,Aloysius,Clifford,acliffordns@paginegialle.it,Male,95.239.109.89
858,Rad,Capon,rcaponnt@time.com,Male,210.155.154.17
859,Lawry,Threadgould,lthreadgouldnu@virginia.edu,Male,90.111.177.205
860,Jackson,Wickstead,jwicksteadnv@google.ca,Male,17.34.49.32
861,Carleton,Honnicott,chonnicottnw@elpais.com,Male,6.236.145.82
862,Jean,Danev,jdanevnx@oakley.com,Female,208.30.158.234
863,Viki,Capstake,vcapstakeny@multiply.com,Female,71.234.83.10
864,Max,Clawsley,mclawsleynz@harvard.edu,Female,4.211.107.191
865,Shanan,Sibray,ssibrayo0@bbc.co.uk,Male,109.188.99.58
866,Maynard,Guidi,mguidio1@hhs.gov,Male,58.27.46.182
867,Doy,Lempke,dlempkeo2@utexas.edu,Male,101.97.36.16
868,Netta,Vanichev,nvanichevo3@comsenz.com,Female,39.69.9.223
869,Emily,Courtliff,ecourtliffo4@naver.com,Female,156.214.195.33
870,Gerrard,Fearnehough,gfearnehougho5@meetup.com,Male,14.208.157.133
871,Leigh,Fassman,lfassmano6@hao123.com,Male,163.66.93.86
872,Tirrell,Frigout,tfrigouto7@craigslist.org,Male,142.242.68.233
873,Halette,Daber,hdabero8@who.int,Female,71.58.104.250
874,Nona,Edmondson,nedmondsono9@cpanel.net,Female,219.208.198.61
875,Thom,McNaught,tmcnaughtoa@tripadvisor.com,Male,151.16.208.223
876,Markus,Lincey,mlinceyob@wordpress.org,Male,142.146.212.94
877,Terry,Gronowe,tgronoweoc@bloglines.com,Female,98.12.244.72
878,Yale,Vell,yvellod@clickbank.net,Male,245.112.193.252
879,Harris,McKelvey,hmckelveyoe@disqus.com,Male,37.70.210.61
880,Ripley,McClelland,rmcclellandof@yale.edu,Male,197.208.138.49
881,Rosamond,Rocco,rroccoog@nature.com,Female,18.53.184.100
882,Davidson,McMechan,dmcmechanoh@homestead.com,Male,6.72.94.92
883,Solomon,Cockerell,scockerelloi@desdev.cn,Male,76.160.101.224
884,Andriette,Deschelle,adeschelleoj@naver.com,Female,184.101.233.234
885,Anna-diana,Prince,aprinceok@bloglines.com,Female,134.3.169.69
886,Sula,Kahn,skahnol@yolasite.com,Female,20.237.103.76
887,Dannie,Mease,dmeaseom@rambler.ru,Male,236.243.90.177
888,Tracy,Cropton,tcroptonon@toplist.cz,Female,140.104.138.225
889,Abdul,McAughtrie,amcaughtrieoo@biglobe.ne.jp,Male,247.177.87.89
890,Edward,Rojas,erojasop@amazon.de,Male,107.65.113.118
891,Diannne,Byne,dbyneoq@economist.com,Female,33.2.249.50
892,Darnell,Coleiro,dcoleiroor@yellowbook.com,Male,106.169.217.85
893,Aldwin,Matijevic,amatijevicos@geocities.jp,Male,83.174.149.154
894,Andrej,Van Giffen,avangiffenot@twitter.com,Male,234.95.230.214
895,Myrlene,Boggers,mboggersou@ustream.tv,Female,241.90.19.156
896,Bronnie,Langan,blanganov@cbsnews.com,Male,151.155.128.10
897,Leigh,Mobius,lmobiusow@tinyurl.com,Female,240.47.184.160
898,Chane,Eaken,ceakenox@weebly.com,Male,146.172.91.187
899,Charles,Walewski,cwalewskioy@nbcnews.com,Male,83.220.163.12
900,Willette,Greenside,wgreensideoz@upenn.edu,Female,224.145.132.51
901,Billie,Mantram,bmantramp0@reuters.com,Male,236.152.105.39
902,Angie,Lakin,alakinp1@infoseek.co.jp,Male,205.52.23.103
903,Angelico,Millis,amillisp2@yellowbook.com,Male,122.38.234.155
904,Sonni,Pendry,spendryp3@prnewswire.com,Female,85.89.86.226
905,Merline,Cleminshaw,mcleminshawp4@furl.net,Female,7.5.221.173
906,Andreas,Snaith,asnaithp5@sitemeter.com,Male,220.184.54.79
907,Pauletta,Roomes,proomesp6@hud.gov,Female,221.112.84.5
908,La verne,Pomphrett,lpomphrettp7@sfgate.com,Female,255.2.250.227
909,Sibelle,Hymers,shymersp8@flavors.me,Female,116.107.230.189
910,Natividad,Smy,nsmyp9@bbc.co.uk,Female,147.7.0.204
911,Ruddy,Lutwyche,rlutwychepa@about.me,Male,211.211.18.194
912,Jerrold,Jindra,jjindrapb@is.gd,Male,81.216.201.181
913,Cheston,Stummeyer,cstummeyerpc@php.net,Male,129.160.74.94
914,Bethanne,Welland,bwellandpd@soup.io,Female,248.15.207.248
915,Katleen,Hawtrey,khawtreype@goo.gl,Female,54.68.139.68
916,Cirilo,Hadrill,chadrillpf@jimdo.com,Male,110.29.149.127
917,Fidelity,Burrett,fburrettpg@blogs.com,Female,152.174.220.1
918,Murdock,Houtbie,mhoutbieph@oaic.gov.au,Male,29.153.246.170
919,Thomasina,Armin,tarminpi@phoca.cz,Female,216.3.112.179
920,Janeczka,Humby,jhumbypj@timesonline.co.uk,Female,142.120.76.191
921,Kerstin,Sainsbury,ksainsburypk@un.org,Female,48.149.233.143
922,Angelo,Connell,aconnellpl@de.vu,Male,175.226.164.102
923,Prudence,Eastes,peastespm@gnu.org,Female,117.234.147.8
924,Raquel,Harmson,rharmsonpn@infoseek.co.jp,Female,245.9.81.110
925,Shell,Strapp,sstrapppo@reuters.com,Male,42.60.204.89
926,Dionysus,Hansel,dhanselpp@cbc.ca,Male,152.139.150.78
927,Eric,Mannooch,emannoochpq@nbcnews.com,Male,63.28.3.66
928,Andriana,Penson,apensonpr@spotify.com,Female,239.76.198.93
929,Corina,Moulding,cmouldingps@flavors.me,Female,124.76.43.52
930,Eden,Tarrier,etarrierpt@diigo.com,Female,50.14.55.195
931,Osborne,Tortis,otortispu@acquirethisname.com,Male,125.158.159.46
932,Dru,Bassom,dbassompv@loc.gov,Male,251.105.247.30
933,Jacklyn,De Freyne,jdefreynepw@nba.com,Female,126.15.128.65
934,Frederik,Grigore,fgrigorepx@senate.gov,Male,67.43.234.135
935,Arda,Ewenson,aewensonpy@nyu.edu,Female,208.240.80.118
936,Burnaby,Onslow,bonslowpz@sciencedirect.com,Male,137.91.103.111
937,Heath,Gozzard,hgozzardq0@people.com.cn,Male,149.74.198.141
938,Traci,Stuttard,tstuttardq1@nyu.edu,Female,106.149.109.134
939,Linda,Bottjer,lbottjerq2@spiegel.de,Female,217.216.141.150
940,Natassia,Brasher,nbrasherq3@mail.ru,Female,93.177.204.243
941,Kristos,Edon,kedonq4@so-net.ne.jp,Male,91.189.122.137
942,Darleen,Keilloh,dkeillohq5@howstuffworks.com,Female,120.119.75.60
943,Dedie,Enns,dennsq6@marketwatch.com,Female,237.128.128.50
944,Clevey,Biernacki,cbiernackiq7@vistaprint.com,Male,241.16.14.236
945,Hadley,Yuille,hyuilleq8@hp.com,Male,52.159.92.247
946,Bailey,Ruddlesden,bruddlesdenq9@twitpic.com,Male,41.209.160.18
947,Merrily,Gethen,mgethenqa@blog.com,Female,223.2.34.84
948,Shermy,Rendall,srendallqb@freewebs.com,Male,62.117.42.49
949,Derrek,Heald,dhealdqc@wikimedia.org,Male,239.124.66.118
950,Aimil,Georgius,ageorgiusqd@timesonline.co.uk,Female,25.122.207.83
951,Samson,Puckham,spuckhamqe@rambler.ru,Male,20.220.92.119
952,Milicent,Behrend,mbehrendqf@drupal.org,Female,222.209.194.81
953,Mort,Paulat,mpaulatqg@yolasite.com,Male,1.204.213.121
954,Ado,Callard,acallardqh@delicious.com,Male,42.247.91.14
955,Ula,Barnicott,ubarnicottqi@forbes.com,Female,236.49.108.63
956,Ernesta,Hansell,ehansellqj@twitter.com,Female,81.72.218.1
957,Jarret,Cumming,jcummingqk@free.fr,Male,230.147.251.159
958,Dante,Pennells,dpennellsql@cbsnews.com,Male,98.233.161.231
959,Norean,Burgott,nburgottqm@forbes.com,Female,94.10.236.45
960,Toinette,Wayon,twayonqn@msn.com,Female,56.185.62.222
961,Sigismondo,Caghan,scaghanqo@google.ru,Male,17.115.115.233
962,Edward,Grolle,egrolleqp@mapquest.com,Male,189.66.78.221
963,Effie,Perkin,eperkinqq@hp.com,Female,93.59.85.141
964,Ingelbert,Easterfield,ieasterfieldqr@lulu.com,Male,42.6.157.42
965,Emmalynn,Nyssen,enyssenqs@imageshack.us,Female,207.188.81.53
966,Nickey,Wooldridge,nwooldridgeqt@dagondesign.com,Male,136.230.138.241
967,Clerkclaude,Ingon,cingonqu@sciencedirect.com,Male,68.221.107.206
968,Stanfield,Toffanelli,stoffanelliqv@exblog.jp,Male,71.22.27.151
969,Dan,Dibbs,ddibbsqw@comcast.net,Male,167.147.115.82
970,Bryanty,Hutchason,bhutchasonqx@sourceforge.net,Male,76.33.249.104
971,Alexandros,Fane,afaneqy@reverbnation.com,Male,94.107.16.60
972,Charlotte,Baynam,cbaynamqz@mtv.com,Female,204.128.127.153
973,Alexandra,Bamblett,abamblettr0@delicious.com,Female,198.55.20.64
974,Jemmy,Purple,jpurpler1@printfriendly.com,Female,105.129.1.52
975,Perice,Haxell,phaxellr2@cocolog-nifty.com,Male,117.90.252.130
976,Chickie,Grabiec,cgrabiecr3@wufoo.com,Male,222.91.95.132
977,Quintana,Giovannilli,qgiovannillir4@apple.com,Female,246.235.196.202
978,Sayres,Kydde,skydder5@prnewswire.com,Male,230.103.236.48
979,Gregoor,Hartopp,ghartoppr6@comcast.net,Male,230.96.87.73
980,Benetta,Carlisso,bcarlissor7@nifty.com,Female,183.192.121.23
981,Pegeen,Keene,pkeener8@hexun.com,Female,142.59.142.134
982,Marion,Cheater,mcheaterr9@google.pl,Female,21.245.111.114
983,Abby,Dolbey,adolbeyra@umn.edu,Female,202.194.80.209
984,Martha,Martland,mmartlandrb@whitehouse.gov,Female,100.231.120.187
985,Vanessa,Jennens,vjennensrc@gov.uk,Female,135.72.57.231
986,Orrin,Pollett,opollettrd@angelfire.com,Male,102.159.198.52
987,Dena,Lomaz,dlomazre@comcast.net,Female,148.73.82.164
988,Eula,Pursglove,epursgloverf@cargocollective.com,Female,189.250.159.239
989,Aleda,Draude,adrauderg@discovery.com,Female,98.147.202.196
990,Johnna,Guillerman,jguillermanrh@earthlink.net,Female,166.194.75.50
991,Maddy,Stansell,mstansellri@wp.com,Male,232.101.55.22
992,Juline,Martinek,jmartinekrj@slashdot.org,Female,205.94.165.201
993,Benedict,Endrici,bendricirk@utexas.edu,Male,206.162.138.230
994,Brion,Hotchkin,bhotchkinrl@webeden.co.uk,Male,17.38.108.111
995,Agnesse,Killigrew,akilligrewrm@cafepress.com,Female,199.247.191.145
996,Benson,Medendorp,bmedendorprn@howstuffworks.com,Male,198.239.192.188
997,Cherice,Goatcher,cgoatcherro@rambler.ru,Female,68.57.191.60
998,Dimitry,Ghidelli,dghidellirp@marketwatch.com,Male,233.113.243.159
999,Yank,Basezzi,ybasezzirq@moonfruit.com,Male,101.113.146.206
1000,Marthena,Chasney,mchasneyrr@prweb.com,Female,59.171.169.245
